{"data":{"allFile":{"nodes":[{"name":"default","extension":"png","childImageSharp":{"gatsbyImageData":{"layout":"constrained","backgroundColor":"#586868","images":{"fallback":{"src":"/static/f736934594f4c700066d9ea4f9e307d3/62b50/default.png","srcSet":"/static/f736934594f4c700066d9ea4f9e307d3/62b50/default.png 349w","sizes":"(min-width: 349px) 349px, 100vw"},"sources":[{"srcSet":"/static/f736934594f4c700066d9ea4f9e307d3/357b2/default.webp 349w","type":"image/webp","sizes":"(min-width: 349px) 349px, 100vw"}]},"width":349,"height":73}}},{"name":"logo-1","extension":"png","childImageSharp":{"gatsbyImageData":{"layout":"constrained","backgroundColor":"#586868","images":{"fallback":{"src":"/static/f736934594f4c700066d9ea4f9e307d3/62b50/logo-1.png","srcSet":"/static/f736934594f4c700066d9ea4f9e307d3/62b50/logo-1.png 349w","sizes":"(min-width: 349px) 349px, 100vw"},"sources":[{"srcSet":"/static/f736934594f4c700066d9ea4f9e307d3/357b2/logo-1.webp 349w","type":"image/webp","sizes":"(min-width: 349px) 349px, 100vw"}]},"width":349,"height":73}}},{"name":"oil-wallpaper","extension":"jpg","childImageSharp":{"gatsbyImageData":{"layout":"constrained","backgroundColor":"#080808","images":{"fallback":{"src":"/static/7fadc2fe6ecf25a9cfd552ac769bdd14/62a53/oil-wallpaper.jpg","srcSet":"/static/7fadc2fe6ecf25a9cfd552ac769bdd14/4bb92/oil-wallpaper.jpg 1920w,\n/static/7fadc2fe6ecf25a9cfd552ac769bdd14/62a53/oil-wallpaper.jpg 3840w","sizes":"(min-width: 3840px) 3840px, 100vw"},"sources":[{"srcSet":"/static/7fadc2fe6ecf25a9cfd552ac769bdd14/a3450/oil-wallpaper.webp 1920w,\n/static/7fadc2fe6ecf25a9cfd552ac769bdd14/07a26/oil-wallpaper.webp 3840w","type":"image/webp","sizes":"(min-width: 3840px) 3840px, 100vw"}]},"width":3840,"height":2400}}}]}}}