{"name":"build-javascript","namedChunkGroups":{"polyfill":{"name":"polyfill","assets":[{"name":"webpack-runtime-2d271f9f987d12403185.js","size":5064},{"name":"polyfill-4718f0fec20e0d09d7f5.js","size":85862}],"filteredAssets":0,"assetsSize":90926,"filteredAuxiliaryAssets":2,"auxiliaryAssetsSize":228136},"app":{"name":"app","assets":[{"name":"webpack-runtime-2d271f9f987d12403185.js","size":5064},{"name":"framework-47730820c6d935055723.js","size":129775},{"name":"app-34f61e9bfb40f4c7164f.js","size":69450}],"filteredAssets":0,"assetsSize":204289,"filteredAuxiliaryAssets":3,"auxiliaryAssetsSize":666630},"component---src-pages-404-js":{"name":"component---src-pages-404-js","assets":[{"name":"commons-fd5934a21348ab95331b.js","size":16014},{"name":"component---src-pages-404-js-cef61e6ce7b11b6c2fd0.js","size":484}],"filteredAssets":0,"assetsSize":16498,"filteredAuxiliaryAssets":2,"auxiliaryAssetsSize":68578},"component---src-pages-index-js":{"name":"component---src-pages-index-js","assets":[{"name":"styles.8b60799c2339da1d8f2d.css","size":950},{"name":"commons-fd5934a21348ab95331b.js","size":16014},{"name":"component---src-pages-index-js-554b20ec332aa8063fc9.js","size":23166}],"filteredAssets":0,"assetsSize":40130,"filteredAuxiliaryAssets":4,"auxiliaryAssetsSize":368467},"component---src-templates-using-dsg-js":{"name":"component---src-templates-using-dsg-js","assets":[{"name":"commons-fd5934a21348ab95331b.js","size":16014},{"name":"component---src-templates-using-dsg-js-077da74c161b349d22b0.js","size":793}],"filteredAssets":0,"assetsSize":16807,"filteredAuxiliaryAssets":2,"auxiliaryAssetsSize":69021}},"assetsByChunkName":{"polyfill":["webpack-runtime-2d271f9f987d12403185.js","polyfill-4718f0fec20e0d09d7f5.js"],"app":["webpack-runtime-2d271f9f987d12403185.js","framework-47730820c6d935055723.js","app-34f61e9bfb40f4c7164f.js"],"component---src-pages-404-js":["commons-fd5934a21348ab95331b.js","component---src-pages-404-js-cef61e6ce7b11b6c2fd0.js"],"component---src-pages-index-js":["styles.8b60799c2339da1d8f2d.css","commons-fd5934a21348ab95331b.js","component---src-pages-index-js-554b20ec332aa8063fc9.js"],"component---src-templates-using-dsg-js":["commons-fd5934a21348ab95331b.js","component---src-templates-using-dsg-js-077da74c161b349d22b0.js"]},"childAssetsByChunkName":{}}